<?xml version="1.0" encoding="UTF-8"?>
<beans xmlns="http://www.springframework.org/schema/beans"
   xmlns:xsi="http://www.w3.org/2001/XMLSchema-instance"
   xmlns:context="http://www.springframework.org/schema/context"
   xmlns:tx="http://www.springframework.org/schema/tx"
   xmlns:p="http://www.springframework.org/schema/p"
   xmlns:aop="http://www.springframework.org/schema/aop"
   xsi:schemaLocation="http://www.springframework.org/schema/beans https://www.springframework.org/schema/beans/spring-beans.xsd
      http://www.springframework.org/schema/context http://www.springframework.org/schema/context/spring-context-4.2.xsd
      http://www.springframework.org/schema/aop http://www.springframework.org/schema/aop/spring-aop-4.2.xsd
      http://www.springframework.org/schema/tx http://www.springframework.org/schema/tx/spring-tx-4.2.xsd">
   
   <!-- Root Context: defines shared resources visible to all other web components -->
   <context:component-scan base-package="org.comstudy21.myapp"></context:component-scan>
   <context:property-placeholder location="classpath:database.properties"/>
   <!-- 어노테이션으로 AOP 설정에 필요한 엘리먼트 -->
   <!-- Spring JDBC ORM에서도 AOP를 사용 하므로 필수 요소이다. -->
   <aop:aspectj-autoproxy></aop:aspectj-autoproxy>
   
   <bean id="dataSource" class="org.apache.commons.dbcp.BasicDataSource" destroy-method="close">
      <property name="driverClassName" value="${jdbc.driver}"></property>
      <property name="url" value="${jdbc.url}"></property>
      <property name="username" value="${jdbc.username}"></property>
      <property name="password" value="${jdbc.password}"></property>
   </bean>
      
   <!-- Transaction 설정 -->
   <bean id="txManager" class="org.springframework.jdbc.datasource.DataSourceTransactionManager">
      <property name="dataSource" ref="dataSource"></property>
   </bean>
   <tx:advice id="txAdvice" transaction-manager="txManager">
      <tx:attributes>
      <!-- name, read-only, no-rollback-for, rollback-for -->
         <tx:method name="get*" read-only="true"/>
         <tx:method name="*"/>
      </tx:attributes>
   </tx:advice>
   <aop:config>
      <aop:pointcut expression="execution(* org.comstudy21.myapp..*Impl.*(..))" id="txPointcut"/>
      <aop:advisor advice-ref="txAdvice" pointcut-ref="txPointcut"/>
   </aop:config>
   
   <bean id="log" class="org.comstudy21.myapp.common.LogAdvice"></bean>
   <aop:config>
      <aop:pointcut expression="execution(* org.comstudy21.myapp..*Impl.*(..))" id="allPointcut"/>
      <aop:aspect ref="log">
         <aop:before method="printLog" pointcut-ref="allPointcut"/>
      </aop:aspect>
   </aop:config>
   <bean id="sqlSessionFactory"
		class="org.mybatis.spring.SqlSessionFactoryBean">
		<property name="dataSource" ref="dataSource"></property>
		<property name="configLocation"
			value="classpath:mybatis/config/mybatis-config.xml"></property>
	</bean>

	<bean class="org.mybatis.spring.SqlSessionTemplate">
		<constructor-arg ref="sqlSessionFactory"></constructor-arg>
	</bean>
</beans>