<?xml version="1.0" encoding="UTF-8" ?>
<!DOCTYPE mapper
  PUBLIC "-//mybatis.org//DTD Mapper 3.0//EN"
  "https://mybatis.org/dtd/mybatis-3-mapper.dtd">
<mapper namespace="BoardMapper">
   <select id="getBoard"
      resultType="boardVO">
      select * from board_Ex where seq = #{seq}
   </select>

   <select id="getBoardList"
      resultType="boardVO">
      select * from board_ex;
   </select>
   <select id ="searchBoard"
   		resultType="boardVO">
   		select*from board_ex where title like '%' || #{searchKeywork} || '%';
   </select>
   <insert id="insertBoard">
   		INSERT INTO BOARD_ex(SEQ, TITLE, WRITER, CONTENT)
		VALUES ((select nvl(max(seq),0)+1 from board_Ex), #{title},#{writer},#{content});	
   </insert>
   <update id="updeateBoard">
   		UPDATE BOARD_Ex SET TITLE=#{title}, WRITER=#{writer}, CONTENT=#{content} WHERE SEQ=#{seq};
   </update>
   <delete id="deleteBoard">
      	DELETE FROM board_Ex WHERE SEQ=#{seq}
   </delete>
   
</mapper>
