<?xml version="1.0" encoding="UTF-8"?>
<!DOCTYPE mapper
  PUBLIC "-//mybatis.org//DTD Mapper 3.0//EN"
  "https://mybatis.org/dtd/mybatis-3-mapper.dtd">
<mapper namespace="UserMapper">
	<insert id="insertUser">
		INSERT INTO USERS(ID, PASSWORD, NAME, ROLE) VALUES (#{id},#{password},#{name},#{role});
	</insert>
	<update id="updateUser">
		UPDATE USERS SET PASSWORD=#{password}, NAME=#{name}, ROLE=#{role} WHERE ID=#{id}";
	</update>
	<delete id="deleteUser">
		DELETE FROM USERS WHERE ID=#{id};
	</delete>
	<select id="getUser" resultType="userVO">
		SELECT * FROM USERS WHERE ID=#{id};
	</select>
	<select id="getUserList" resultType="userVO">
		SELECT * FROM USERS;
	</select>
	<select id="loginUser" resultType="userVO">
		SELECT * FROM USERS WHERE ID=#{id} AND PASSWORD=#{password};
	</select>
</mapper>
