<?xml version="1.0" encoding="UTF-8"?>
<!DOCTYPE configuration
  PUBLIC "-//mybatis.org//DTD Config 3.0//EN"
  "http://mybatis.org/dtd/mybatis-3-config.dtd">

<configuration>
	<environments default="">
		<environment id="">
			<transactionManager type="JDBC" />
			<dataSource type="POOLED">
				<property name="driver" value="oracle.jdbc.OracleDriver"/>
				<property name="url" value="jdbc:oracle:thin:@localhost:1521:xe"/>
				<property name="username" value="comstudy21"/>
				<property name="password" value="comstudy21"/>
			</dataSource>
		</environment>
	</environments>
	<mappers>
		<mapper resource="mybatis/sqlmapper/productMapper.xml"/>

	</mappers>
</configuration>