<?xml version="1.0" encoding="UTF-8" ?>
<!DOCTYPE configuration
  PUBLIC "-//mybatis.org//DTD Config 3.0//EN"
  "https://mybatis.org/dtd/mybatis-3-config.dtd">
<configuration>
  <environments default="development">
    <environment id="development">
      <transactionManager type="JDBC"/>
      <dataSource type="POOLED">
        <property name="driver" value="oracle.jdbc.driver.OracleDriver"/>
        <property name="url" value="jdbc:oracle:thin:@localhost:1521:XE"/>
        <property name="username" value="comstudy21"/>
        <property name="password" value="comstudy21"/>
      </dataSource>
    </environment>
  </environments>
  <mappers>
    <mapper resource="org/comstudy21/myapp/bbs/BoardMapper.xml"/>
  </mappers>
</configuration>


